Feature,Importance
Revenue_Generated,0.12552589386658444
Bundle_Price,0.12414509591348491
Clicks,0.12400725503161424
Budget,0.12142189289139228
Conversions,0.11792199885548028
ROI,0.11611139542054151
Discount_Level,0.09618639871921561
Subscription_Length,0.08785607644943826
Customer_Satisfaction_Post_Refund,0.03198334491532813
Common_Keywords,0.031237166896344676
Subscription_Tier,0.023603481040575663
