Fold,Score
1,-0.002969711506171757
2,-0.00047398860636671536
3,-0.0031509529828126492
4,-0.004069751066017702
5,0.0006117481181003859
