Model,MAE,MSE,R2
Linear,48.05750135793554,3133.5513806101153,-0.004622320825134363
DecisionTree,64.0035,6256.6835,-1.0059042073899205
KNN,51.24,3749.673,-0.20215204221795546
