Model,MAE,MSE,R2,Rank_R2
Linear,48.05750135793554,3133.5513806101153,-0.004622320825134363,2.0
DecisionTree,64.0035,6256.6835,-1.0059042073899205,6.0
KNN,51.24,3749.673,-0.20215204221795546,5.0
RandomForest,48.3305,3193.7666554,-0.023927448381957372,3.0
SVM,48.01656508497332,3122.428577300012,-0.0010563296801919808,1.0
XGBoost,50.707008361816406,3643.063720703125,-0.16797304153442383,4.0
