Model,MAE,MSE,R2
RandomForest,48.3305,3193.7666554,-0.023927448381957372
SVM,48.01656508497332,3122.428577300012,-0.0010563296801919808
XGBoost,50.707008361816406,3643.063720703125,-0.16797304153442383
